{"A": [739.3333333333334, 322.0], "B": [739.3333333333334, 401.0], "X": [739.3333333333334, 478.0], "Y": [739.3333333333334, 548.0], "LB": [739.3333333333334, 782.0], "RB": [739.3333333333334, 626.0], "LT": [739.3333333333334, 856.0], "RT": [739.3333333333334, 701.0], "LS": [739.3333333333334, 941.0], "RS": [739.3333333333334, 999.0], "UP": [669.3333333333334, 367.0], "DOWN": [668.3333333333334, 322.0], "LEFT": [667.3333333333334, 456.0], "RIGHT": [667.3333333333334, 412.0]}